GROUP,PACKAGE,CLASS,INSTRUCTION_MISSED,INSTRUCTION_COVERED,BRANCH_MISSED,BRANCH_COVERED,LINE_MISSED,LINE_COVERED,COMPLEXITY_MISSED,COMPLEXITY_COVERED,METHOD_MISSED,METHOD_COVERED
,bo.umss.market.umss_market_api.application.dto,SimulatedCheckoutRequest.Delivery,15,0,0,0,1,0,1,0,1,0
,bo.umss.market.umss_market_api.application.dto,SimulatedCheckoutRequest.Item,9,0,0,0,1,0,1,0,1,0
,bo.umss.market.umss_market_api.application.dto,SimulatedCheckoutRequest,22,0,0,0,2,0,2,0,2,0
,bo.umss.market.umss_market_api.infrastructure.controllers,SimulatedCheckoutController,17,0,0,0,2,0,2,0,2,0
,bo.umss.market.umss_market_api.infrastructure.controllers,PublicationController,60,0,0,0,24,0,7,0,7,0
,bo.umss.market.umss_market_api.infrastructure.controllers,AIController,49,0,4,0,13,0,5,0,3,0
,bo.umss.market.umss_market_api.infrastructure.controllers,OrderController,88,0,0,0,36,0,10,0,10,0
,bo.umss.market.umss_market_api.infrastructure.controllers,InteractionController,67,0,6,0,26,0,8,0,5,0
,bo.umss.market.umss_market_api.infrastructure.controllers,EmbeddingAdminController,10,0,0,0,4,0,2,0,2,0
,bo.umss.market.umss_market_api.infrastructure.controllers,UserController,32,0,0,0,10,0,5,0,5,0
,bo.umss.market.umss_market_api.infrastructure.controllers,StoreController,81,0,0,0,27,0,7,0,7,0
,bo.umss.market.umss_market_api.infrastructure.controllers,AuthController,57,0,4,0,24,0,8,0,6,0
,bo.umss.market.umss_market_api.domain.enums,UserStatus,15,0,0,0,3,0,1,0,1,0
,bo.umss.market.umss_market_api.domain.enums,OrderStatus,21,0,0,0,4,0,1,0,1,0
,bo.umss.market.umss_market_api.domain.enums,Role,21,0,0,0,4,0,1,0,1,0
,bo.umss.market.umss_market_api.domain.enums,InteractionType,33,0,0,0,6,0,1,0,1,0
,bo.umss.market.umss_market_api.domain.enums,PublicationType,15,0,0,0,3,0,1,0,1,0
,bo.umss.market.umss_market_api.domain.enums,PaymentMode,21,0,0,0,4,0,1,0,1,0
,bo.umss.market.umss_market_api.domain.enums,StoreStatus,15,0,0,0,3,0,1,0,1,0
,bo.umss.market.umss_market_api.infrastructure.security,TokenBlacklistService,23,0,0,0,8,0,4,0,4,0
,bo.umss.market.umss_market_api.infrastructure.security,JwtService,72,0,0,0,28,0,6,0,6,0
,bo.umss.market.umss_market_api.infrastructure.security,JwtAuthenticationFilter,81,0,8,0,34,0,5,0,1,0
,bo.umss.market.umss_market_api,UmssMarketApiApplication,8,0,0,0,3,0,2,0,2,0
,bo.umss.market.umss_market_api.infrastructure.adapters,JpaPublicationRepositoryAdapter,46,0,0,0,20,0,5,0,5,0
,bo.umss.market.umss_market_api.infrastructure.adapters,OllamaAdapter,704,0,166,0,216,0,90,0,7,0
,bo.umss.market.umss_market_api.infrastructure.adapters,JpaOrderRepositoryAdapter,56,0,0,0,23,0,7,0,7,0
,bo.umss.market.umss_market_api.infrastructure.adapters,JpaStoreRepositoryAdapter,40,0,0,0,14,0,6,0,6,0
,bo.umss.market.umss_market_api.infrastructure.adapters,JpaOrderItemRepositoryAdapter,47,0,0,0,18,0,7,0,7,0
,bo.umss.market.umss_market_api.infrastructure.adapters,JpaUserRepositoryAdapter,52,0,0,0,17,0,8,0,8,0
,bo.umss.market.umss_market_api.infrastructure.adapters,JpaInteractionRepositoryAdapter,51,0,0,0,22,0,6,0,6,0
,bo.umss.market.umss_market_api.infrastructure.adapters,JpaCheckoutRepositoryAdapter,49,0,4,0,8,0,6,0,4,0
,bo.umss.market.umss_market_api.infrastructure.persistence.mappers,PublicationMapper,78,0,0,0,28,0,2,0,2,0
,bo.umss.market.umss_market_api.infrastructure.persistence.mappers,UserMapper,101,0,4,0,37,0,5,0,3,0
,bo.umss.market.umss_market_api.infrastructure.persistence.mappers,InteractionMapper,56,0,4,0,22,0,4,0,2,0
,bo.umss.market.umss_market_api.infrastructure.persistence.mappers,StoreMapper,77,0,4,0,29,0,5,0,3,0
,bo.umss.market.umss_market_api.infrastructure.persistence.mappers,OrderItemMapper,50,0,4,0,20,0,4,0,2,0
,bo.umss.market.umss_market_api.infrastructure.persistence.mappers,OrderMapper,80,0,4,0,30,0,4,0,2,0
,bo.umss.market.umss_market_api.domain.exceptions,EmailAlreadyExistsException,8,0,0,0,4,0,2,0,2,0
,bo.umss.market.umss_market_api.domain.exceptions,CheckoutException,10,0,0,0,2,0,2,0,2,0
,bo.umss.market.umss_market_api.domain.exceptions,UserNotFoundException,8,0,0,0,4,0,2,0,2,0
,bo.umss.market.umss_market_api.domain.exceptions,StoreNotFoundException,4,0,0,0,2,0,1,0,1,0
,bo.umss.market.umss_market_api.domain.exceptions,UserAlreadyExistsException,8,0,0,0,4,0,2,0,2,0
,bo.umss.market.umss_market_api.domain.exceptions,StoreAlreadyExistsException,8,0,0,0,4,0,2,0,2,0
,bo.umss.market.umss_market_api.domain.exceptions,PublicationNotFoundException,4,0,0,0,2,0,1,0,1,0
,bo.umss.market.umss_market_api.domain.exceptions,InvalidPriceRangeException,4,0,0,0,2,0,1,0,1,0
,bo.umss.market.umss_market_api.shared,GlobalExceptionHandler,57,0,0,0,15,0,9,0,9,0
,bo.umss.market.umss_market_api.infrastructure.config,OllamaConfig,7,0,0,0,2,0,2,0,2,0
,bo.umss.market.umss_market_api.infrastructure.config,SecurityConfig,88,0,0,0,23,0,6,0,6,0
,bo.umss.market.umss_market_api.application.usecases,GetInteractionByIdUseCase,41,0,0,0,14,0,3,0,3,0
,bo.umss.market.umss_market_api.application.usecases,UpdateUserUseCase,86,0,0,0,26,0,1,0,1,0
,bo.umss.market.umss_market_api.application.usecases,GetAllPublicationsUseCase,4,0,0,0,1,0,1,0,1,0
,bo.umss.market.umss_market_api.application.usecases,DeleteUserUseCase,34,0,4,0,10,0,3,0,1,0
,bo.umss.market.umss_market_api.application.usecases,CreateInteractionUseCase,47,0,0,0,18,0,2,0,2,0
,bo.umss.market.umss_market_api.application.usecases,GetUserInteractionsSemanticUseCase,86,0,6,0,20,0,4,0,1,0
,bo.umss.market.umss_market_api.application.usecases,LoginUseCase,73,0,6,0,23,0,4,0,1,0
,bo.umss.market.umss_market_api.application.usecases,SearchCatalogUseCase.SemanticResult,9,0,0,0,1,0,1,0,1,0
,bo.umss.market.umss_market_api.application.usecases,GetUserByIdUseCase,54,0,0,0,18,0,2,0,2,0
,bo.umss.market.umss_market_api.application.usecases,UpdateOrderUseCase,31,0,2,0,7,0,3,0,2,0
,bo.umss.market.umss_market_api.application.usecases,GetUserInteractionsUseCase,34,0,0,0,14,0,2,0,2,0
,bo.umss.market.umss_market_api.application.usecases,SearchStoresBySemanticUseCase.SemanticStoreResult,12,0,0,0,1,0,1,0,1,0
,bo.umss.market.umss_market_api.application.usecases,UpdateOrderItemUseCase,112,0,12,0,27,0,9,0,3,0
,bo.umss.market.umss_market_api.application.usecases,DeletePublicationUseCase,17,0,0,0,5,0,2,0,2,0
,bo.umss.market.umss_market_api.application.usecases,ReindexPublicationEmbeddingsUseCase,96,0,6,0,30,0,4,0,1,0
,bo.umss.market.umss_market_api.application.usecases,SimulatedCheckoutUseCase,466,0,90,0,64,0,50,0,5,0
,bo.umss.market.umss_market_api.application.usecases,RegisterAdminUseCase,75,0,4,0,26,0,3,0,1,0
,bo.umss.market.umss_market_api.application.usecases,GetEmbeddingStatusUseCase.EmbeddingStatus,12,0,0,0,1,0,1,0,1,0
,bo.umss.market.umss_market_api.application.usecases,ReindexPublicationEmbeddingsUseCase.ReindexResult,12,0,0,0,1,0,1,0,1,0
,bo.umss.market.umss_market_api.application.usecases,SearchCatalogUseCase,331,0,48,0,110,0,30,0,6,0
,bo.umss.market.umss_market_api.application.usecases,UpdateStoreUseCase,45,0,0,0,13,0,2,0,2,0
,bo.umss.market.umss_market_api.application.usecases,GetPublicationDetailSemanticUseCase.SemanticResult,9,0,0,0,1,0,1,0,1,0
,bo.umss.market.umss_market_api.application.usecases,GetEmbeddingStatusUseCase,36,0,4,0,10,0,4,0,2,0
,bo.umss.market.umss_market_api.application.usecases,GetOrdersUseCase,97,0,0,0,36,0,3,0,3,0
,bo.umss.market.umss_market_api.application.usecases,GetStoresUseCase,42,0,0,0,16,0,2,0,2,0
,bo.umss.market.umss_market_api.application.usecases,UpdateUserStatusUseCase,66,0,0,0,21,0,2,0,2,0
,bo.umss.market.umss_market_api.application.usecases,GetPublicationDetailSemanticUseCase,591,0,88,0,181,0,53,0,9,0
,bo.umss.market.umss_market_api.application.usecases,GetAuthenticatedUserUseCase,50,0,0,0,17,0,1,0,1,0
,bo.umss.market.umss_market_api.application.usecases,GetStorePublicProfileUseCase,77,0,0,0,28,0,3,0,3,0
,bo.umss.market.umss_market_api.application.usecases,GetRecommendationsUseCase,187,0,6,0,43,0,9,0,6,0
,bo.umss.market.umss_market_api.application.usecases,DeleteOrderUseCase,24,0,0,0,6,0,2,0,2,0
,bo.umss.market.umss_market_api.application.usecases,UpdateOrderStatusUseCase,36,0,2,0,8,0,3,0,2,0
,bo.umss.market.umss_market_api.application.usecases,RegisterCustomerUseCase,75,0,4,0,26,0,3,0,1,0
,bo.umss.market.umss_market_api.application.usecases,DeleteInteractionUseCase,17,0,0,0,5,0,2,0,2,0
,bo.umss.market.umss_market_api.application.usecases,DeleteOrderItemUseCase,31,0,2,0,7,0,3,0,2,0
,bo.umss.market.umss_market_api.application.usecases,RegisterEntrepreneurUseCase,120,0,6,0,41,0,4,0,1,0
,bo.umss.market.umss_market_api.application.usecases,CreateStoreUseCase,81,0,6,0,28,0,4,0,1,0
,bo.umss.market.umss_market_api.application.usecases,GetUsersUseCase,51,0,0,0,19,0,2,0,2,0
,bo.umss.market.umss_market_api.application.usecases,GetPublicationByIdUseCase,13,0,0,0,3,0,2,0,2,0
,bo.umss.market.umss_market_api.application.usecases,PatchStoreUseCase,63,0,12,0,19,0,8,0,2,0
,bo.umss.market.umss_market_api.application.usecases,SearchStoresBySemanticUseCase,472,0,74,0,137,0,45,0,8,0
,bo.umss.market.umss_market_api.application.usecases,UpdatePublicationUseCase,63,0,12,0,25,0,8,0,2,0
,bo.umss.market.umss_market_api.application.usecases,DeleteStoreUseCase,25,0,0,0,7,0,2,0,2,0
,bo.umss.market.umss_market_api.application.usecases,GetPublicationsByStoreUseCase,47,0,0,0,20,0,2,0,2,0
,bo.umss.market.umss_market_api.application.usecases,GetOrderByIdUseCase,100,0,0,0,35,0,3,0,3,0
,bo.umss.market.umss_market_api.application.usecases,CreatePublicationUseCase,157,0,14,0,48,0,9,0,2,0
,bo.umss.market.umss_market_api.application.usecases,CreateOrderUseCase,192,0,22,0,58,0,13,0,2,0
,bo.umss.market.umss_market_api.application.usecases,GetPublicationDetailUseCase,69,0,2,0,20,0,3,0,2,0
,bo.umss.market.umss_market_api.application.usecases,CreateOrderItemUseCase,116,0,12,0,32,0,9,0,3,0
,bo.umss.market.umss_market_api.application.usecases,UpdatePublicationStatusUseCase,33,0,2,0,11,0,3,0,2,0
,bo.umss.market.umss_market_api.application.usecases,GetOrderItemsUseCase,5,0,0,0,1,0,1,0,1,0
,bo.umss.market.umss_market_api.infrastructure.dto.response,ProductDescriptionResponse,16,0,0,0,8,0,4,0,4,0
,bo.umss.market.umss_market_api.infrastructure.dto.response,OllamaResponse,10,0,0,0,5,0,3,0,3,0
,bo.umss.market.umss_market_api.application.services,AIServiceImpl,344,176,59,26,114,63,39,14,4,4
,bo.umss.market.umss_market_api.application.services,ChatInputPolicy,0,10,0,4,0,1,0,3,0,1
,bo.umss.market.umss_market_api.infrastructure.dto.request,OllamaRequest,36,0,0,0,16,0,8,0,8,0
,bo.umss.market.umss_market_api.infrastructure.dto.request,ProductDescriptionRequest,36,0,0,0,16,0,8,0,8,0
